{"/DiPhotonJetsBox_MGG-80toInf_13TeV-sherpa/RunIISummer20UL18NanoAODv9-106X_upgrade2018_realistic_v16_L1v1-v1/NANOAODSIM": {"files": {"/eos/cms/store/group/phys_smp/vbfA/Hugo_test3/crab/gamma/DiPhotonJetsBox_MGG-80toInf_13TeV-sherpa/crab_DiPhotonJetsBox_MGG-80toInf_13TeV-sherpa_2018_v1/221031_104102/0000/out_35.root": {"1": 50643.97479248047, "0": 50643.97479248047, "size": 36015530}, "/eos/cms/store/group/phys_smp/vbfA/Hugo_test3/crab/gamma/DiPhotonJetsBox_MGG-80toInf_13TeV-sherpa/crab_DiPhotonJetsBox_MGG-80toInf_13TeV-sherpa_2018_v1/221031_104102/0000/out_32.root": {"1": 649502.9940795898, "0": 649502.9940795898, "size": 423138694}, "/eos/cms/store/group/phys_smp/vbfA/Hugo_test3/crab/gamma/DiPhotonJetsBox_MGG-80toInf_13TeV-sherpa/crab_DiPhotonJetsBox_MGG-80toInf_13TeV-sherpa_2018_v1/221031_104102/0000/out_15.root": {"1": 553642.1289138794, "0": 553642.1289138794, "size": 363945785}, "/eos/cms/store/group/phys_smp/vbfA/Hugo_test3/crab/gamma/DiPhotonJetsBox_MGG-80toInf_13TeV-sherpa/crab_DiPhotonJetsBox_MGG-80toInf_13TeV-sherpa_2018_v1/221031_104102/0000/out_16.root": {"1": 1050182.203666687, "0": 1050182.203666687, "size": 685597372}, "/eos/cms/store/group/phys_smp/vbfA/Hugo_test3/crab/gamma/DiPhotonJetsBox_MGG-80toInf_13TeV-sherpa/crab_DiPhotonJetsBox_MGG-80toInf_13TeV-sherpa_2018_v1/221031_104102/0000/out_7.root": {"1": 2825.89315032959, "0": 2825.89315032959, "size": 4745945}, "/eos/cms/store/group/phys_smp/vbfA/Hugo_test3/crab/gamma/DiPhotonJetsBox_MGG-80toInf_13TeV-sherpa/crab_DiPhotonJetsBox_MGG-80toInf_13TeV-sherpa_2018_v1/221031_104102/0000/out_18.root": {"1": 16973.95825958252, "0": 16973.95825958252, "size": 13617751}, "/eos/cms/store/group/phys_smp/vbfA/Hugo_test3/crab/gamma/DiPhotonJetsBox_MGG-80toInf_13TeV-sherpa/crab_DiPhotonJetsBox_MGG-80toInf_13TeV-sherpa_2018_v1/221031_104102/0000/out_12.root": {"1": 297460.7621078491, "0": 297460.7621078491, "size": 195500951}, "/eos/cms/store/group/phys_smp/vbfA/Hugo_test3/crab/gamma/DiPhotonJetsBox_MGG-80toInf_13TeV-sherpa/crab_DiPhotonJetsBox_MGG-80toInf_13TeV-sherpa_2018_v1/221031_104102/0000/out_22.root": {"1": 675246.8260269165, "0": 675246.8260269165, "size": 441638838}, "/eos/cms/store/group/phys_smp/vbfA/Hugo_test3/crab/gamma/DiPhotonJetsBox_MGG-80toInf_13TeV-sherpa/crab_DiPhotonJetsBox_MGG-80toInf_13TeV-sherpa_2018_v1/221031_104102/0000/out_3.root": {"1": 42030.495361328125, "0": 42030.495361328125, "size": 30222966}, "/eos/cms/store/group/phys_smp/vbfA/Hugo_test3/crab/gamma/DiPhotonJetsBox_MGG-80toInf_13TeV-sherpa/crab_DiPhotonJetsBox_MGG-80toInf_13TeV-sherpa_2018_v1/221031_104102/0000/out_28.root": {"1": 44718.28806304932, "0": 44718.28806304932, "size": 31999290}, "/eos/cms/store/group/phys_smp/vbfA/Hugo_test3/crab/gamma/DiPhotonJetsBox_MGG-80toInf_13TeV-sherpa/crab_DiPhotonJetsBox_MGG-80toInf_13TeV-sherpa_2018_v1/221031_104102/0000/out_6.root": {"1": 400128.6068878174, "0": 400128.6068878174, "size": 264316670}, "/eos/cms/store/group/phys_smp/vbfA/Hugo_test3/crab/gamma/DiPhotonJetsBox_MGG-80toInf_13TeV-sherpa/crab_DiPhotonJetsBox_MGG-80toInf_13TeV-sherpa_2018_v1/221031_104102/0000/out_26.root": {"1": 1452228.0007705688, "0": 1452228.0007705688, "size": 948637905}, "/eos/cms/store/group/phys_smp/vbfA/Hugo_test3/crab/gamma/DiPhotonJetsBox_MGG-80toInf_13TeV-sherpa/crab_DiPhotonJetsBox_MGG-80toInf_13TeV-sherpa_2018_v1/221031_104102/0000/out_5.root": {"1": 4227.189613342285, "0": 4227.189613342285, "size": 5692377}, "/eos/cms/store/group/phys_smp/vbfA/Hugo_test3/crab/gamma/DiPhotonJetsBox_MGG-80toInf_13TeV-sherpa/crab_DiPhotonJetsBox_MGG-80toInf_13TeV-sherpa_2018_v1/221031_104102/0000/out_31.root": {"1": 812610.3919448853, "0": 812610.3919448853, "size": 532822195}, "/eos/cms/store/group/phys_smp/vbfA/Hugo_test3/crab/gamma/DiPhotonJetsBox_MGG-80toInf_13TeV-sherpa/crab_DiPhotonJetsBox_MGG-80toInf_13TeV-sherpa_2018_v1/221031_104102/0000/out_21.root": {"1": 1279818.6363677979, "0": 1279818.6363677979, "size": 832466861}, "/eos/cms/store/group/phys_smp/vbfA/Hugo_test3/crab/gamma/DiPhotonJetsBox_MGG-80toInf_13TeV-sherpa/crab_DiPhotonJetsBox_MGG-80toInf_13TeV-sherpa_2018_v1/221031_104102/0000/out_11.root": {"1": 208033.38496398926, "0": 208033.38496398926, "size": 137876472}, "/eos/cms/store/group/phys_smp/vbfA/Hugo_test3/crab/gamma/DiPhotonJetsBox_MGG-80toInf_13TeV-sherpa/crab_DiPhotonJetsBox_MGG-80toInf_13TeV-sherpa_2018_v1/221031_104102/0000/out_1.root": {"1": 1384.8964767456055, "0": 1384.8964767456055, "size": 3813142}, "/eos/cms/store/group/phys_smp/vbfA/Hugo_test3/crab/gamma/DiPhotonJetsBox_MGG-80toInf_13TeV-sherpa/crab_DiPhotonJetsBox_MGG-80toInf_13TeV-sherpa_2018_v1/221031_104102/0000/out_25.root": {"1": 676192.8215560913, "0": 676192.8215560913, "size": 446308533}, "/eos/cms/store/group/phys_smp/vbfA/Hugo_test3/crab/gamma/DiPhotonJetsBox_MGG-80toInf_13TeV-sherpa/crab_DiPhotonJetsBox_MGG-80toInf_13TeV-sherpa_2018_v1/221031_104102/0000/out_20.root": {"1": 463985.65183258057, "0": 463985.65183258057, "size": 305933370}, "/eos/cms/store/group/phys_smp/vbfA/Hugo_test3/crab/gamma/DiPhotonJetsBox_MGG-80toInf_13TeV-sherpa/crab_DiPhotonJetsBox_MGG-80toInf_13TeV-sherpa_2018_v1/221031_104102/0000/out_19.root": {"1": 259829.85623931885, "0": 259829.85623931885, "size": 170208133}, "/eos/cms/store/group/phys_smp/vbfA/Hugo_test3/crab/gamma/DiPhotonJetsBox_MGG-80toInf_13TeV-sherpa/crab_DiPhotonJetsBox_MGG-80toInf_13TeV-sherpa_2018_v1/221031_104102/0000/out_37.root": {"1": 2755.2929077148438, "0": 2755.2929077148438, "size": 4849369}, "/eos/cms/store/group/phys_smp/vbfA/Hugo_test3/crab/gamma/DiPhotonJetsBox_MGG-80toInf_13TeV-sherpa/crab_DiPhotonJetsBox_MGG-80toInf_13TeV-sherpa_2018_v1/221031_104102/0000/out_23.root": {"1": 19726.55149078369, "0": 19726.55149078369, "size": 15442943}, "/eos/cms/store/group/phys_smp/vbfA/Hugo_test3/crab/gamma/DiPhotonJetsBox_MGG-80toInf_13TeV-sherpa/crab_DiPhotonJetsBox_MGG-80toInf_13TeV-sherpa_2018_v1/221031_104102/0000/out_2.root": {"1": 32195.719566345215, "0": 32195.719566345215, "size": 23462134}, "/eos/cms/store/group/phys_smp/vbfA/Hugo_test3/crab/gamma/DiPhotonJetsBox_MGG-80toInf_13TeV-sherpa/crab_DiPhotonJetsBox_MGG-80toInf_13TeV-sherpa_2018_v1/221031_104102/0000/out_36.root": {"1": 55006.36518096924, "0": 55006.36518096924, "size": 38209546}, "/eos/cms/store/group/phys_smp/vbfA/Hugo_test3/crab/gamma/DiPhotonJetsBox_MGG-80toInf_13TeV-sherpa/crab_DiPhotonJetsBox_MGG-80toInf_13TeV-sherpa_2018_v1/221031_104102/0000/out_27.root": {"1": 1389.3964462280273, "0": 1389.3964462280273, "size": 3852275}, "/eos/cms/store/group/phys_smp/vbfA/Hugo_test3/crab/gamma/DiPhotonJetsBox_MGG-80toInf_13TeV-sherpa/crab_DiPhotonJetsBox_MGG-80toInf_13TeV-sherpa_2018_v1/221031_104102/0000/out_8.root": {"1": 296649.36517333984, "0": 296649.36517333984, "size": 194341775}, "/eos/cms/store/group/phys_smp/vbfA/Hugo_test3/crab/gamma/DiPhotonJetsBox_MGG-80toInf_13TeV-sherpa/crab_DiPhotonJetsBox_MGG-80toInf_13TeV-sherpa_2018_v1/221031_104102/0000/out_13.root": {"1": 5615.886207580566, "0": 5615.886207580566, "size": 6646323}, "/eos/cms/store/group/phys_smp/vbfA/Hugo_test3/crab/gamma/DiPhotonJetsBox_MGG-80toInf_13TeV-sherpa/crab_DiPhotonJetsBox_MGG-80toInf_13TeV-sherpa_2018_v1/221031_104102/0000/out_29.root": {"1": 660425.3667526245, "0": 660425.3667526245, "size": 433979571}, "/eos/cms/store/group/phys_smp/vbfA/Hugo_test3/crab/gamma/DiPhotonJetsBox_MGG-80toInf_13TeV-sherpa/crab_DiPhotonJetsBox_MGG-80toInf_13TeV-sherpa_2018_v1/221031_104102/0000/out_9.root": {"1": 74461.41535186768, "0": 74461.41535186768, "size": 51185785}, "/eos/cms/store/group/phys_smp/vbfA/Hugo_test3/crab/gamma/DiPhotonJetsBox_MGG-80toInf_13TeV-sherpa/crab_DiPhotonJetsBox_MGG-80toInf_13TeV-sherpa_2018_v1/221031_104102/0000/out_14.root": {"1": 1177601.1861495972, "0": 1177601.1861495972, "size": 769633805}, "/eos/cms/store/group/phys_smp/vbfA/Hugo_test3/crab/gamma/DiPhotonJetsBox_MGG-80toInf_13TeV-sherpa/crab_DiPhotonJetsBox_MGG-80toInf_13TeV-sherpa_2018_v1/221031_104102/0000/out_24.root": {"1": 1175550.5941390991,