{"/QCD_Pt-120to170_EMEnriched_TuneCP5_13TeV-pythia8/RunIISummer20UL16NanoAODv9-106X_mcRun2_asymptotic_v17-v2/NANOAODSIM": {"files": {"/eos/cms/store/group/phys_smp/vbfA/yian/crab/gamma/QCD_Pt-120to170_EMEnriched_TuneCP5_13TeV-pythia8/crab_QCD_Pt-120to170_EMEnriched_TuneCP5_13TeV-pythia8_2016_v2/221220_154449/0000/out_3.root": {"1": 1739551.1600952148, "0": 1739551.1600952148, "size": 14360382}, "/eos/cms/store/group/phys_smp/vbfA/yian/crab/gamma/QCD_Pt-120to170_EMEnriched_TuneCP5_13TeV-pythia8/crab_QCD_Pt-120to170_EMEnriched_TuneCP5_13TeV-pythia8_2016_v2/221220_154449/0000/out_4.root": {"1": 26075.107177734375, "0": 26075.107177734375, "size": 2733058}, "/eos/cms/store/group/phys_smp/vbfA/yian/crab/gamma/QCD_Pt-120to170_EMEnriched_TuneCP5_13TeV-pythia8/crab_QCD_Pt-120to170_EMEnriched_TuneCP5_13TeV-pythia8_2016_v2/221220_154449/0000/out_1.root": {"1": 2070126.2380981445, "0": 2070126.2380981445, "size": 16446057}, "/eos/cms/store/group/phys_smp/vbfA/yian/crab/gamma/QCD_Pt-120to170_EMEnriched_TuneCP5_13TeV-pythia8/crab_QCD_Pt-120to170_EMEnriched_TuneCP5_13TeV-pythia8_2016_v2/221220_154449/0000/out_2.root": {"1": 1171651.8513183594, "0": 1171651.8513183594, "size": 11291984}}, "filestat": {"nFilesWithNoHisto": 0, "nFile": 4, "nOkFiles": 4, "nFilesWithError": 0, "nNotExisting": 0, "nNoneFiles": 0}, "submit_datetime": "2022-12-20 15:44:49", "weights": {"1": {"total": 5007404.356689453, "name": "PS_0"}, "0": {"total": 5007404.356689453, "name": "nominal"}}, "size": "42.75 MB"}, "/QCD_Pt-170to300_EMEnriched_TuneCP5_13TeV-pythia8/RunIISummer20UL16NanoAODAPVv9-106X_mcRun2_asymptotic_preVFP_v11-v2/NANOAODSIM": {"files": {"/eos/cms/store/group/phys_smp/vbfA/yian/crab/gamma/QCD_Pt-170to300_EMEnriched_TuneCP5_13TeV-pythia8/crab_QCD_Pt-170to300_EMEnriched_TuneCP5_13TeV-pythia8_2016_v2_preVFP/221220_154100/0000/out_1.root": {"1": 3033.0, "0": 3033.0, "size": 2585603}, "/eos/cms/store/group/phys_smp/vbfA/yian/crab/gamma/QCD_Pt-170to300_EMEnriched_TuneCP5_13TeV-pythia8/crab_QCD_Pt-170to300_EMEnriched_TuneCP5_13TeV-pythia8_2016_v2_preVFP/221220_154100/0000/out_4.root": {"1": 919605.0, "0": 919605.0, "size": 17759337}, "/eos/cms/store/group/phys_smp/vbfA/yian/crab/gamma/QCD_Pt-170to300_EMEnriched_TuneCP5_13TeV-pythia8/crab_QCD_Pt-170to300_EMEnriched_TuneCP5_13TeV-pythia8_2016_v2_preVFP/221220_154100/0000/out_3.root": {"1": 27674.0, "0": 27674.0, "size": 3040340}, "/eos/cms/store/group/phys_smp/vbfA/yian/crab/gamma/QCD_Pt-170to300_EMEnriched_TuneCP5_13TeV-pythia8/crab_QCD_Pt-170to300_EMEnriched_TuneCP5_13TeV-pythia8_2016_v2_preVFP/221220_154100/0000/out_6.root": {"1": 12144.0, "0": 12144.0, "size": 2791929}, "/eos/cms/store/group/phys_smp/vbfA/yian/crab/gamma/QCD_Pt-170to300_EMEnriched_TuneCP5_13TeV-pythia8/crab_QCD_Pt-170to300_EMEnriched_TuneCP5_13TeV-pythia8_2016_v2_preVFP/221220_154100/0000/out_5.root": {"1": 824892.0, "0": 824892.0, "size": 14146941}, "/eos/cms/store/group/phys_smp/vbfA/yian/crab/gamma/QCD_Pt-170to300_EMEnriched_TuneCP5_13TeV-pythia8/crab_QCD_Pt-170to300_EMEnriched_TuneCP5_13TeV-pythia8_2016_v2_preVFP/221220_154100/0000/out_2.root": {"1": 68113.0, "0": 68113.0, "size": 3612869}}, "filestat": {"nFilesWithNoHisto": 0, "nFile": 6, "nOkFiles": 6, "nFilesWithError": 0, "nNotExisting": 0, "nNoneFiles": 0}, "submit_datetime": "2022-12-20 15:41:00", "weights": {"1": {"total": 1855461.0, "name": "PS_0"}, "0": {"total": 1855461.0, "name": "nominal"}}, "size": "41.9 MB"}, "/QCD_Pt-300toInf_EMEnriched_TuneCP5_13TeV-pythia8/RunIISummer20UL16NanoAODAPVv9-106X_mcRun2_asymptotic_preVFP_v11-v2/NANOAODSIM": {"files": {"/eos/cms/store/group/phys_smp/vbfA/yian/crab/gamma/QCD_Pt-300toInf_EMEnriched_TuneCP5_13TeV-pythia8/crab_QCD_Pt-300toInf_EMEnriched_TuneCP5_13TeV-pythia8_2016_v2_preVFP/221220_154158/0000/out_7.root": {"1": 3035.0, "0": 3035.0, "size": 2768311}, "/eos/cms/store/group/phys_smp/vbfA/yian/crab/gamma/QCD_Pt-300toInf_EMEnriched_TuneCP5_13TeV-pythia8/crab_QCD_Pt-300toInf_EMEnriched_TuneCP5_13TeV-pythia8_2016_v2_preVFP/221220_154158/0000/out_1.root": {"1": 35728.0, "0": 35728.0, "size": 4157653}, "/eos/cms/store/group/phys_smp/vbfA/yian/crab/gamma/QCD_Pt-300toInf_EMEnriched_TuneCP5_13TeV-pythia8/crab_QCD_Pt-300toInf_EMEnriched_TuneCP5_13TeV-pythia8_2016_v2_preVFP/221220_154158/0000/out_10.root": {"1": 618353.0, "0": 618353.0, "size": 28248477}, "/eos/cms/store/group/phys_smp/vbfA/yian/crab/gamma/QCD_Pt-300toInf_EMEnriched_TuneCP5_13TeV-pythia8/crab_QCD_Pt-300toInf_EMEnriched_TuneCP5_13TeV-pythia8_2016_v2_preVFP/221220_154158/0000/out_4.root": {"1": 3104.0, "0": 3104.0, "size": 2760228}, "/eos/cms/store/group/phys_smp/vbfA/yian/crab/gamma/QCD_Pt-300toInf_EMEnriched_TuneCP5_13TeV-pythia8/crab_QCD_Pt-300toInf_EMEnriched_TuneCP5_13TeV-pythia8_2016_v2_preVFP/221220_154158/0000/out_6.root": {"1": 3008.0, "0": 3008.0, "size": 2759436}, "/eos/cms/store/group/phys_smp/vbfA/yian/crab/gamma/QCD_Pt-300toInf_EMEnriched_TuneCP5_13TeV-pythia8/crab_QCD_Pt-300toInf_EMEnriched_TuneCP5_13TeV-pythia8_2016_v2_preVFP/221220_154158/0000/out_3.root": {"1": 9091.0, "0": 9091.0, "size": 2994455}, "/eos/cms/store/group/phys_smp/vbfA/yian/crab/gamma/QCD_Pt-300toInf_EMEnriched_TuneCP5_13TeV-pythia8/crab_QCD_Pt-300toInf_EMEnriched_TuneCP5_13TeV-pythia8_2016_v2_preVFP/221220_154158/0000/out_8.root": {"1": 20975.0, "0": 20975.0, "size": 3525908}, "/eos/cms/store/group/phys_smp/vbfA/yian/crab/gamma/QCD_Pt-300toInf_EMEnriched_TuneCP5_13TeV-pythia8/crab_QCD_Pt-300toInf_EMEnriched_TuneCP5_13TeV-pythia8_2016_v2_preVFP/221220_154158/0000/out_13.root": {"1": 3025.0, "0": 3025.0, "size": 2700481}, "/eos/cms/store/group/phys_smp/vbfA/yian/crab/gamma/QCD_Pt-300toInf_EMEnriched_TuneCP5_13TeV-pythia8/crab_QCD_Pt-300toInf_EMEnriched_TuneCP5_13TeV-pythia8_2016_v2_preVFP/221220_154158/0000/out_11.root": {"1": 74552.0, "0": 74552.0, "size": 5746499}, "/eos/cms/store/group/phys_smp/vbfA/yian/crab/gamma/QCD_Pt-300toInf_EMEnriched_TuneCP5_13TeV-pythia8/crab_QCD_Pt-300toInf_EMEnriched_TuneCP5_13TeV-pythia8_2016_v2_preVFP/221220_154158/0000/out_14.root": {"1": 116698.0, "0": 116698.0, "size": 7343138}, "/eos/cms/store/group/phys_smp/vbfA/yian/crab/gamma/QCD_Pt-300toInf_EMEnriched_TuneCP5_13TeV-pythia8/crab_QCD_Pt-300toInf_EMEnriched_TuneCP5_13TeV-pythia8_2016_v2_preVFP/221220_154158/0000/out_5.root": {"1": 131176.0, "0": 131176.0, "size": 8019825}, "/eos/cms/store/group/phys_smp/vbfA/yian/crab/gamma/QCD_Pt-300toInf_EMEnriched_TuneCP5_13TeV-pythia8/crab_QCD_Pt-300toInf_EMEnriched_TuneCP5_13TeV-pythia8_2016_v2_preVFP/221220_154158/0000/out_2.root": {"1": 2975.0, "0": 2975.0, "size": 2722402}, "/eos/cms/store/group/phys_smp/vbfA/yian/crab/gamma/QCD_Pt-300toInf_EMEnriched_TuneCP5_13TeV-pythia8/crab_QCD_Pt-300toInf_EMEnriched_TuneCP5_13TeV-pythia8_2016_v2_preVFP/221220_154158/0000/out_12.root": {"1": 3069.0, "0": 3069.0, "size": 2738712}, "/eos/cms/store/group/phys_smp/vbfA/yian/crab/gamma/QCD_Pt-300toInf_EMEnriched_TuneCP5_13TeV-pythia8/crab_QCD_Pt-300toInf_EMEnriched_TuneCP5_13TeV-pythia8_2016_v2_preVFP/221220_154158/0000/out_9.root": {"1": 117986.0, "0": 117986.0, "size": 7521473}}, "filestat": {"nFilesWithNoHisto": 0, "nFile": 14, "nOkFiles": 14, "nFilesWithError": 0, "nNotExisting": 0, "nNoneFiles": 0}, "submit_datetime": "2022-12-20 15:41:58", "weights": {"1": {"total": 1142775.0, "name": "PS_0"}, "0": {"total": 1142775.0, "name": "nominal"}}, "size": "80.12 MB"}, "/QCD_Pt-170to300_EMEnriched_TuneCP5_13TeV-pythia8/RunIISummer20UL16NanoAODv9-106X_mcRun2_asymptotic_v17-v2/NANOAODSIM": {"files": {"/eos/cms/store/group/phys_smp/vbfA/yian/crab/gamma/QCD_Pt-170to300_EMEnriched_TuneCP5_13TeV-pythia8/crab_QCD_Pt-170to300_EMEnriched_TuneCP5_13TeV-pythia8_2016_v2/221220_154830/0000/out_1.root": {"1": 32515.0, "0": 32515.0, "size": 3060146}, "/eos/cms/store/group/phys_smp/vbfA/yian/crab/gamma/QCD_Pt-170to300_EMEnriched_TuneCP5_13TeV-pythia8/crab_QCD_Pt-170to300_EMEnriched_TuneCP5_13TeV-pythia8_2016_v2/221220_154830/0000/out_2.root": {"1": 1048952.0, "0": 1048952.0, "size": 19350824},