{"/QCD_Pt-120to170_EMEnriched_TuneCP5_13TeV-pythia8/RunIISummer20UL18NanoAODv9-106X_upgrade2018_realistic_v16_L1v1-v2/NANOAODSIM": {"files": {"/eos/cms/store/group/phys_smp/vbfA/yian/crab/gamma/QCD_Pt-120to170_EMEnriched_TuneCP5_13TeV-pythia8/crab_QCD_Pt-120to170_EMEnriched_TuneCP5_13TeV-pythia8_2018_v2/221216_152234/0000/out_6.root": {"1": 831477.9290771484, "0": 831477.9290771484, "size": 7225115}, "/eos/cms/store/group/phys_smp/vbfA/yian/crab/gamma/QCD_Pt-120to170_EMEnriched_TuneCP5_13TeV-pythia8/crab_QCD_Pt-120to170_EMEnriched_TuneCP5_13TeV-pythia8_2018_v2/221216_152234/0000/out_8.root": {"1": 1224819.5695800781, "0": 1224819.5695800781, "size": 9131992}, "/eos/cms/store/group/phys_smp/vbfA/yian/crab/gamma/QCD_Pt-120to170_EMEnriched_TuneCP5_13TeV-pythia8/crab_QCD_Pt-120to170_EMEnriched_TuneCP5_13TeV-pythia8_2018_v2/221216_152234/0000/out_3.root": {"1": 1593148.0745239258, "0": 1593148.0745239258, "size": 14268446}, "/eos/cms/store/group/phys_smp/vbfA/yian/crab/gamma/QCD_Pt-120to170_EMEnriched_TuneCP5_13TeV-pythia8/crab_QCD_Pt-120to170_EMEnriched_TuneCP5_13TeV-pythia8_2018_v2/221216_152234/0000/out_7.root": {"1": 1529988.059753418, "0": 1529988.059753418, "size": 13597721}, "/eos/cms/store/group/phys_smp/vbfA/yian/crab/gamma/QCD_Pt-120to170_EMEnriched_TuneCP5_13TeV-pythia8/crab_QCD_Pt-120to170_EMEnriched_TuneCP5_13TeV-pythia8_2018_v2/221216_152234/0000/out_1.root": {"1": 1350455.8662719727, "0": 1350455.8662719727, "size": 12871673}, "/eos/cms/store/group/phys_smp/vbfA/yian/crab/gamma/QCD_Pt-120to170_EMEnriched_TuneCP5_13TeV-pythia8/crab_QCD_Pt-120to170_EMEnriched_TuneCP5_13TeV-pythia8_2018_v2/221216_152234/0000/out_2.root": {"1": 1131828.8349609375, "0": 1131828.8349609375, "size": 11855923}, "/eos/cms/store/group/phys_smp/vbfA/yian/crab/gamma/QCD_Pt-120to170_EMEnriched_TuneCP5_13TeV-pythia8/crab_QCD_Pt-120to170_EMEnriched_TuneCP5_13TeV-pythia8_2018_v2/221216_152234/0000/out_5.root": {"1": 1144638.528137207, "0": 1144638.528137207, "size": 11827847}, "/eos/cms/store/group/phys_smp/vbfA/yian/crab/gamma/QCD_Pt-120to170_EMEnriched_TuneCP5_13TeV-pythia8/crab_QCD_Pt-120to170_EMEnriched_TuneCP5_13TeV-pythia8_2018_v2/221216_152234/0000/out_9.root": {"1": 54102.32385253906, "0": 54102.32385253906, "size": 3180157}}, "filestat": {"nFilesWithNoHisto": 0, "nFile": 9, "nOkFiles": 8, "nFilesWithError": 0, "nNotExisting": 1, "nNoneFiles": 0}, "submit_datetime": "2022-12-16 15:22:34", "weights": {"1": {"total": 8860459.186157227, "name": "PS_0"}, "0": {"total": 8860459.186157227, "name": "nominal"}}, "size": "80.07 MB"}, "/QCD_Pt-50to80_EMEnriched_TuneCP5_13TeV-pythia8/RunIISummer20UL18NanoAODv9-106X_upgrade2018_realistic_v16_L1v1-v2/NANOAODSIM": {"files": {}, "filestat": {"nFilesWithNoHisto": 0, "nFile": 0, "nOkFiles": 0, "nFilesWithError": 0, "nNotExisting": 0, "nNoneFiles": 0}, "submit_datetime": "", "weights": {"0": {"total": 0, "name": "nominal"}}, "size": 0}, "/QCD_Pt-300toInf_EMEnriched_TuneCP5_13TeV-pythia8/RunIISummer20UL18NanoAODv9-106X_upgrade2018_realistic_v16_L1v1-v2/NANOAODSIM": {"files": {"/eos/cms/store/group/phys_smp/vbfA/yian/crab/gamma/QCD_Pt-300toInf_EMEnriched_TuneCP5_13TeV-pythia8/crab_QCD_Pt-300toInf_EMEnriched_TuneCP5_13TeV-pythia8_2018_v2/221109_161845/0000/out_1.root": {"1": 137847.0, "0": 137847.0, "size": 11531859}, "/eos/cms/store/group/phys_smp/vbfA/yian/crab/gamma/QCD_Pt-300toInf_EMEnriched_TuneCP5_13TeV-pythia8/crab_QCD_Pt-300toInf_EMEnriched_TuneCP5_13TeV-pythia8_2018_v2/221109_161845/0000/out_2.root": {"1": 3040.0, "0": 3040.0, "size": 2985613}, "/eos/cms/store/group/phys_smp/vbfA/yian/crab/gamma/QCD_Pt-300toInf_EMEnriched_TuneCP5_13TeV-pythia8/crab_QCD_Pt-300toInf_EMEnriched_TuneCP5_13TeV-pythia8_2018_v2/221109_161845/0000/out_3.root": {"1": 2075107.0, "0": 2075107.0, "size": 92839628}}, "filestat": {"nFilesWithNoHisto": 0, "nFile": 3, "nOkFiles": 3, "nFilesWithError": 0, "nNotExisting": 0, "nNoneFiles": 0}, "submit_datetime": "2022-11-09 16:18:45", "weights": {"1": {"total": 2215994.0, "name": "PS_0"}, "0": {"total": 2215994.0, "name": "nominal"}}, "size": "102.38 MB"}, "/QCD_Pt-170to300_EMEnriched_TuneCP5_13TeV-pythia8/RunIISummer20UL18NanoAODv9-106X_upgrade2018_realistic_v16_L1v1-v2/NANOAODSIM": {"files": {"/eos/cms/store/group/phys_smp/vbfA/yian/crab/gamma/QCD_Pt-170to300_EMEnriched_TuneCP5_13TeV-pythia8/crab_QCD_Pt-170to300_EMEnriched_TuneCP5_13TeV-pythia8_2018_v2/221109_160156/0000/out_3.root": {"1": 103058.0, "0": 103058.0, "size": 4342107}, "/eos/cms/store/group/phys_smp/vbfA/yian/crab/gamma/QCD_Pt-170to300_EMEnriched_TuneCP5_13TeV-pythia8/crab_QCD_Pt-170to300_EMEnriched_TuneCP5_13TeV-pythia8_2018_v2/221109_160156/0000/out_4.root": {"1": 358811.0, "0": 358811.0, "size": 7673389}, "/eos/cms/store/group/phys_smp/vbfA/yian/crab/gamma/QCD_Pt-170to300_EMEnriched_TuneCP5_13TeV-pythia8/crab_QCD_Pt-170to300_EMEnriched_TuneCP5_13TeV-pythia8_2018_v2/221109_160156/0000/out_1.root": {"1": 1829461.0, "0": 1829461.0, "size": 31180362}, "/eos/cms/store/group/phys_smp/vbfA/yian/crab/gamma/QCD_Pt-170to300_EMEnriched_TuneCP5_13TeV-pythia8/crab_QCD_Pt-170to300_EMEnriched_TuneCP5_13TeV-pythia8_2018_v2/221109_160156/0000/out_2.root": {"1": 1423312.0, "0": 1423312.0, "size": 22461414}}, "filestat": {"nFilesWithNoHisto": 0, "nFile": 4, "nOkFiles": 4, "nFilesWithError": 0, "nNotExisting": 0, "nNoneFiles": 0}, "submit_datetime": "2022-11-09 16:01:56", "weights": {"1": {"total": 3714642.0, "name": "PS_0"}, "0": {"total": 3714642.0, "name": "nominal"}}, "size": "62.62 MB"}, "/QCD_Pt-30to50_EMEnriched_TuneCP5_13TeV-pythia8/RunIISummer20UL18NanoAODv9-106X_upgrade2018_realistic_v16_L1v1-v2/NANOAODSIM": {"files": {}, "filestat": {"nFilesWithNoHisto": 0, "nFile": 0, "nOkFiles": 0, "nFilesWithError": 0, "nNotExisting": 0, "nNoneFiles": 0}, "submit_datetime": "", "weights": {"0": {"total": 0, "name": "nominal"}}, "size": 0}, "/QCD_Pt-80to120_EMEnriched_TuneCP5_13TeV-pythia8/RunIISummer20UL18NanoAODv9-106X_upgrade2018_realistic_v16_L1v1-v2/NANOAODSIM": {"files": {}, "filestat": {"nFilesWithNoHisto": 0, "nFile": 0, "nOkFiles": 0, "nFilesWithError": 0, "nNotExisting": 0, "nNoneFiles": 0}, "submit_datetime": "", "weights": {"0": {"total": 0, "name": "nominal"}}, "size": 0}}